,pos,val,val_num,y_pred
0,3,TGTTTGTTTTTCTTGTTTTAT,4933.0,7
1,4,GTTTGTTTTTCTTGTTTTATT,4934.0,7
2,5,TTTGTTTTTCTTGTTTTATTG,4935.0,7
3,6,TTGTTTTTCTTGTTTTATTGC,4936.0,7
4,7,TGTTTTTCTTGTTTTATTGCC,4260.0,7
5,8,GTTTTTCTTGTTTTATTGCCA,4261.0,7
6,9,TTTTTCTTGTTTTATTGCCAC,4262.0,7
7,10,TTTTCTTGTTTTATTGCCACT,4263.0,7
8,11,TTTCTTGTTTTATTGCCACTA,4264.0,3
9,12,TTCTTGTTTTATTGCCACTAG,3802.0,7
10,13,TCTTGTTTTATTGCCACTAGT,3803.0,7
11,14,CTTGTTTTATTGCCACTAGTC,3804.0,7
12,15,TTGTTTTATTGCCACTAGTCT,3805.0,7
13,16,TGTTTTATTGCCACTAGTCTC,3806.0,7
14,17,GTTTTATTGCCACTAGTCTCT,3807.0,7
15,18,TTTTATTGCCACTAGTCTCTA,3808.0,7
16,19,TTTATTGCCACTAGTCTCTAG,3809.0,7
17,20,TTATTGCCACTAGTCTCTAGT,3810.0,7
18,21,TATTGCCACTAGTCTCTAGTC,3811.0,7
19,22,ATTGCCACTAGTCTCTAGTCA,3812.0,7
20,23,TTGCCACTAGTCTCTAGTCAG,3813.0,7
21,24,TGCCACTAGTCTCTAGTCAGT,3814.0,7
22,25,GCCACTAGTCTCTAGTCAGTG,3815.0,7
23,26,CCACTAGTCTCTAGTCAGTGT,3816.0,7
24,27,CACTAGTCTCTAGTCAGTGTG,3817.0,7
25,28,ACTAGTCTCTAGTCAGTGTGT,3818.0,7
26,29,CTAGTCTCTAGTCAGTGTGTT,3819.0,7
27,30,TAGTCTCTAGTCAGTGTGTTA,3820.0,7
28,31,AGTCTCTAGTCAGTGTGTTAA,3821.0,7
29,32,GTCTCTAGTCAGTGTGTTAAT,3822.0,7
30,33,TCTCTAGTCAGTGTGTTAATC,3823.0,7
31,34,CTCTAGTCAGTGTGTTAATCT,3824.0,7
32,35,TCTAGTCAGTGTGTTAATCTT,3825.0,7
33,36,CTAGTCAGTGTGTTAATCTTA,3826.0,7
34,37,TAGTCAGTGTGTTAATCTTAC,0.0,7
35,38,AGTCAGTGTGTTAATCTTACA,1.0,7
36,39,GTCAGTGTGTTAATCTTACAA,2.0,7
37,40,TCAGTGTGTTAATCTTACAAC,3.0,7
38,41,CAGTGTGTTAATCTTACAACC,4.0,7
39,42,AGTGTGTTAATCTTACAACCA,5.0,7
40,43,GTGTGTTAATCTTACAACCAG,6.0,7
41,44,TGTGTTAATCTTACAACCAGA,7.0,7
42,45,GTGTTAATCTTACAACCAGAA,8.0,7
43,46,TGTTAATCTTACAACCAGAAC,9.0,7
44,47,GTTAATCTTACAACCAGAACT,10.0,7
45,48,TTAATCTTACAACCAGAACTC,11.0,7
46,49,TAATCTTACAACCAGAACTCA,12.0,7
47,50,AATCTTACAACCAGAACTCAA,13.0,7
48,51,ATCTTACAACCAGAACTCAAT,14.0,7
49,52,TCTTACAACCAGAACTCAATT,15.0,7
50,53,CTTACAACCAGAACTCAATTA,16.0,7
51,54,TTACAACCAGAACTCAATTAC,17.0,7
52,55,TACAACCAGAACTCAATTACC,18.0,7
53,56,ACAACCAGAACTCAATTACCC,19.0,7
54,57,CAACCAGAACTCAATTACCCC,20.0,7
55,58,AACCAGAACTCAATTACCCCC,21.0,7
56,59,ACCAGAACTCAATTACCCCCT,22.0,7
57,60,CCAGAACTCAATTACCCCCTG,23.0,7
58,61,CAGAACTCAATTACCCCCTGC,24.0,7
59,62,AGAACTCAATTACCCCCTGCA,25.0,7
60,63,GAACTCAATTACCCCCTGCAT,26.0,7
61,0,ACACTAATTCTTTCACACGTG,47.0,6
62,1,CACTAATTCTTTCACACGTGG,48.0,6
63,2,ACTAATTCTTTCACACGTGGT,49.0,6
64,3,CTAATTCTTTCACACGTGGTG,50.0,6
65,4,TAATTCTTTCACACGTGGTGT,51.0,6
66,5,AATTCTTTCACACGTGGTGTT,52.0,6
67,6,ATTCTTTCACACGTGGTGTTT,53.0,6
68,7,TTCTTTCACACGTGGTGTTTA,54.0,6
69,8,TCTTTCACACGTGGTGTTTAT,55.0,6
70,9,CTTTCACACGTGGTGTTTATT,56.0,6
71,10,TTTCACACGTGGTGTTTATTA,57.0,6
72,11,TTCACACGTGGTGTTTATTAC,58.0,6
73,12,TCACACGTGGTGTTTATTACC,59.0,6
74,13,CACACGTGGTGTTTATTACCC,60.0,6
75,14,ACACGTGGTGTTTATTACCCT,61.0,6
76,15,CACGTGGTGTTTATTACCCTG,62.0,6
77,16,ACGTGGTGTTTATTACCCTGA,63.0,6
78,17,CGTGGTGTTTATTACCCTGAC,64.0,6
79,18,GTGGTGTTTATTACCCTGACA,65.0,6
80,19,TGGTGTTTATTACCCTGACAA,66.0,6
81,20,GGTGTTTATTACCCTGACAAA,67.0,6
82,21,GTGTTTATTACCCTGACAAAG,68.0,6
83,22,TGTTTATTACCCTGACAAAGT,69.0,6
84,23,GTTTATTACCCTGACAAAGTT,70.0,6
85,24,TTTATTACCCTGACAAAGTTT,71.0,6
86,25,TTATTACCCTGACAAAGTTTT,72.0,6
87,26,TATTACCCTGACAAAGTTTTC,73.0,6
88,27,ATTACCCTGACAAAGTTTTCA,74.0,6
89,28,TTACCCTGACAAAGTTTTCAG,75.0,6
90,29,TACCCTGACAAAGTTTTCAGA,76.0,6
91,30,ACCCTGACAAAGTTTTCAGAT,77.0,6
92,31,CCCTGACAAAGTTTTCAGATC,78.0,6
93,32,CCTGACAAAGTTTTCAGATCC,79.0,6
94,33,CTGACAAAGTTTTCAGATCCT,80.0,6
95,34,TGACAAAGTTTTCAGATCCTC,81.0,6
96,35,GACAAAGTTTTCAGATCCTCA,82.0,6
97,36,ACAAAGTTTTCAGATCCTCAG,83.0,6
98,37,CAAAGTTTTCAGATCCTCAGT,84.0,6
99,38,AAAGTTTTCAGATCCTCAGTT,85.0,6
100,39,AAGTTTTCAGATCCTCAGTTT,86.0,6
101,40,AGTTTTCAGATCCTCAGTTTT,87.0,6
102,41,GTTTTCAGATCCTCAGTTTTA,88.0,6
103,42,TTTTCAGATCCTCAGTTTTAC,89.0,6
