pos,val,val_num
3,TGTTTGTTTTTCTTGTTTTAT,4933.0
4,GTTTGTTTTTCTTGTTTTATT,4934.0
5,TTTGTTTTTCTTGTTTTATTG,4935.0
6,TTGTTTTTCTTGTTTTATTGC,4936.0
7,TGTTTTTCTTGTTTTATTGCC,4260.0
8,GTTTTTCTTGTTTTATTGCCA,4261.0
9,TTTTTCTTGTTTTATTGCCAC,4262.0
10,TTTTCTTGTTTTATTGCCACT,4263.0
11,TTTCTTGTTTTATTGCCACTA,4264.0
12,TTCTTGTTTTATTGCCACTAG,3802.0
13,TCTTGTTTTATTGCCACTAGT,3803.0
14,CTTGTTTTATTGCCACTAGTC,3804.0
15,TTGTTTTATTGCCACTAGTCT,3805.0
16,TGTTTTATTGCCACTAGTCTC,3806.0
17,GTTTTATTGCCACTAGTCTCT,3807.0
18,TTTTATTGCCACTAGTCTCTA,3808.0
19,TTTATTGCCACTAGTCTCTAG,3809.0
20,TTATTGCCACTAGTCTCTAGT,3810.0
21,TATTGCCACTAGTCTCTAGTC,3811.0
22,ATTGCCACTAGTCTCTAGTCA,3812.0
23,TTGCCACTAGTCTCTAGTCAG,3813.0
24,TGCCACTAGTCTCTAGTCAGT,3814.0
25,GCCACTAGTCTCTAGTCAGTG,3815.0
26,CCACTAGTCTCTAGTCAGTGT,3816.0
27,CACTAGTCTCTAGTCAGTGTG,3817.0
28,ACTAGTCTCTAGTCAGTGTGT,3818.0
29,CTAGTCTCTAGTCAGTGTGTT,3819.0
30,TAGTCTCTAGTCAGTGTGTTA,3820.0
31,AGTCTCTAGTCAGTGTGTTAA,3821.0
32,GTCTCTAGTCAGTGTGTTAAT,3822.0
33,TCTCTAGTCAGTGTGTTAATC,3823.0
34,CTCTAGTCAGTGTGTTAATCT,3824.0
35,TCTAGTCAGTGTGTTAATCTT,3825.0
36,CTAGTCAGTGTGTTAATCTTA,3826.0
37,TAGTCAGTGTGTTAATCTTAC,0.0
38,AGTCAGTGTGTTAATCTTACA,1.0
39,GTCAGTGTGTTAATCTTACAA,2.0
40,TCAGTGTGTTAATCTTACAAC,3.0
41,CAGTGTGTTAATCTTACAACC,4.0
42,AGTGTGTTAATCTTACAACCA,5.0
43,GTGTGTTAATCTTACAACCAG,6.0
44,TGTGTTAATCTTACAACCAGA,7.0
45,GTGTTAATCTTACAACCAGAA,8.0
46,TGTTAATCTTACAACCAGAAC,9.0
47,GTTAATCTTACAACCAGAACT,10.0
48,TTAATCTTACAACCAGAACTC,11.0
49,TAATCTTACAACCAGAACTCA,12.0
50,AATCTTACAACCAGAACTCAA,13.0
51,ATCTTACAACCAGAACTCAAT,14.0
52,TCTTACAACCAGAACTCAATT,15.0
53,CTTACAACCAGAACTCAATTA,16.0
54,TTACAACCAGAACTCAATTAC,17.0
55,TACAACCAGAACTCAATTACC,18.0
56,ACAACCAGAACTCAATTACCC,19.0
57,CAACCAGAACTCAATTACCCC,20.0
58,AACCAGAACTCAATTACCCCC,21.0
59,ACCAGAACTCAATTACCCCCT,22.0
60,CCAGAACTCAATTACCCCCTG,23.0
61,CAGAACTCAATTACCCCCTGC,24.0
62,AGAACTCAATTACCCCCTGCA,25.0
63,GAACTCAATTACCCCCTGCAT,26.0
64,AACTCAATTACCCCCTGCATA,27.0
65,ACTCAATTACCCCCTGCATAC,28.0
66,CTCAATTACCCCCTGCATACA,29.0
67,TCAATTACCCCCTGCATACAC,30.0
68,CAATTACCCCCTGCATACACT,31.0
69,AATTACCCCCTGCATACACTA,32.0
70,ATTACCCCCTGCATACACTAA,33.0
71,TTACCCCCTGCATACACTAAT,34.0
72,TACCCCCTGCATACACTAATT,35.0
73,ACCCCCTGCATACACTAATTC,36.0
74,CCCCCTGCATACACTAATTCT,37.0
75,CCCCTGCATACACTAATTCTT,38.0
76,CCCTGCATACACTAATTCTTT,39.0
77,CCTGCATACACTAATTCTTTC,40.0
78,CTGCATACACTAATTCTTTCA,41.0
79,TGCATACACTAATTCTTTCAC,42.0
80,GCATACACTAATTCTTTCACA,43.0
81,CATACACTAATTCTTTCACAC,44.0
82,ATACACTAATTCTTTCACACG,45.0
83,TACACTAATTCTTTCACACGT,46.0
84,ACACTAATTCTTTCACACGTG,47.0
85,CACTAATTCTTTCACACGTGG,48.0
86,ACTAATTCTTTCACACGTGGT,49.0
87,CTAATTCTTTCACACGTGGTG,50.0
88,TAATTCTTTCACACGTGGTGT,51.0
89,AATTCTTTCACACGTGGTGTT,52.0
90,ATTCTTTCACACGTGGTGTTT,53.0
91,TTCTTTCACACGTGGTGTTTA,54.0
92,TCTTTCACACGTGGTGTTTAT,55.0
93,CTTTCACACGTGGTGTTTATT,56.0
94,TTTCACACGTGGTGTTTATTA,57.0
95,TTCACACGTGGTGTTTATTAC,58.0
96,TCACACGTGGTGTTTATTACC,59.0
97,CACACGTGGTGTTTATTACCC,60.0
98,ACACGTGGTGTTTATTACCCT,61.0
99,CACGTGGTGTTTATTACCCTG,62.0
100,ACGTGGTGTTTATTACCCTGA,63.0
101,CGTGGTGTTTATTACCCTGAC,64.0
102,GTGGTGTTTATTACCCTGACA,65.0
103,TGGTGTTTATTACCCTGACAA,66.0
104,GGTGTTTATTACCCTGACAAA,67.0
105,GTGTTTATTACCCTGACAAAG,68.0
106,TGTTTATTACCCTGACAAAGT,69.0
107,GTTTATTACCCTGACAAAGTT,70.0
108,TTTATTACCCTGACAAAGTTT,71.0
109,TTATTACCCTGACAAAGTTTT,72.0
110,TATTACCCTGACAAAGTTTTC,73.0
111,ATTACCCTGACAAAGTTTTCA,74.0
112,TTACCCTGACAAAGTTTTCAG,75.0
113,TACCCTGACAAAGTTTTCAGA,76.0
114,ACCCTGACAAAGTTTTCAGAT,77.0
115,CCCTGACAAAGTTTTCAGATC,78.0
116,CCTGACAAAGTTTTCAGATCC,79.0
117,CTGACAAAGTTTTCAGATCCT,80.0
118,TGACAAAGTTTTCAGATCCTC,81.0
119,GACAAAGTTTTCAGATCCTCA,82.0
120,ACAAAGTTTTCAGATCCTCAG,83.0
121,CAAAGTTTTCAGATCCTCAGT,84.0
122,AAAGTTTTCAGATCCTCAGTT,85.0
123,AAGTTTTCAGATCCTCAGTTT,86.0
124,AGTTTTCAGATCCTCAGTTTT,87.0
125,GTTTTCAGATCCTCAGTTTTA,88.0
126,TTTTCAGATCCTCAGTTTTAC,89.0
127,TTTCAGATCCTCAGTTTTACA,90.0
128,TTCAGATCCTCAGTTTTACAT,91.0
129,TCAGATCCTCAGTTTTACATT,92.0
150,ATTCTTCTTCAGGTTGGACAG,713.0
151,TTCTTCTTCAGGTTGGACAGC,714.0
152,TCTTCTTCAGGTTGGACAGCT,715.0
153,CTTCTTCAGGTTGGACAGCTG,716.0
154,TTCTTCAGGTTGGACAGCTGG,717.0
155,TCTTCAGGTTGGACAGCTGGT,718.0
156,CTTCAGGTTGGACAGCTGGTG,719.0
157,TTCAGGTTGGACAGCTGGTGC,720.0
158,TCAGGTTGGACAGCTGGTGCT,721.0
159,CAGGTTGGACAGCTGGTGCTG,722.0
160,AGGTTGGACAGCTGGTGCTGC,723.0
161,GGTTGGACAGCTGGTGCTGCA,724.0
162,GTTGGACAGCTGGTGCTGCAG,725.0
163,TTGGACAGCTGGTGCTGCAGC,726.0
164,TGGACAGCTGGTGCTGCAGCT,727.0
165,GGACAGCTGGTGCTGCAGCTT,728.0
166,GACAGCTGGTGCTGCAGCTTA,729.0
167,ACAGCTGGTGCTGCAGCTTAT,730.0
168,CAGCTGGTGCTGCAGCTTATT,731.0
169,AGCTGGTGCTGCAGCTTATTA,732.0
170,GCTGGTGCTGCAGCTTATTAT,733.0
171,CTGGTGCTGCAGCTTATTATG,734.0
172,TGGTGCTGCAGCTTATTATGT,735.0
173,GGTGCTGCAGCTTATTATGTG,736.0
174,GTGCTGCAGCTTATTATGTGG,737.0
175,TGCTGCAGCTTATTATGTGGG,738.0
176,GCTGCAGCTTATTATGTGGGT,739.0
177,CTGCAGCTTATTATGTGGGTT,740.0
178,TGCAGCTTATTATGTGGGTTA,741.0
179,GCAGCTTATTATGTGGGTTAT,742.0
180,CAGCTTATTATGTGGGTTATC,743.0
181,AGCTTATTATGTGGGTTATCT,744.0
182,GCTTATTATGTGGGTTATCTT,745.0
183,CTTATTATGTGGGTTATCTTC,746.0
184,TTATTATGTGGGTTATCTTCA,747.0
185,TATTATGTGGGTTATCTTCAA,748.0
186,ATTATGTGGGTTATCTTCAAC,749.0
187,TTATGTGGGTTATCTTCAACC,750.0
188,TATGTGGGTTATCTTCAACCT,751.0
189,ATGTGGGTTATCTTCAACCTA,752.0
190,TGTGGGTTATCTTCAACCTAG,753.0
191,GTGGGTTATCTTCAACCTAGG,754.0
192,TGGGTTATCTTCAACCTAGGA,755.0
193,GGGTTATCTTCAACCTAGGAC,756.0
194,GGTTATCTTCAACCTAGGACT,757.0
195,GTTATCTTCAACCTAGGACTT,758.0
196,TTATCTTCAACCTAGGACTTT,759.0
197,TATCTTCAACCTAGGACTTTT,760.0
198,ATCTTCAACCTAGGACTTTTC,761.0
199,TCTTCAACCTAGGACTTTTCT,762.0
200,CTTCAACCTAGGACTTTTCTA,763.0
201,TTCAACCTAGGACTTTTCTAT,764.0
202,TCAACCTAGGACTTTTCTATT,765.0
203,CAACCTAGGACTTTTCTATTA,766.0
204,AACCTAGGACTTTTCTATTAA,767.0
205,ACCTAGGACTTTTCTATTAAA,768.0
206,CCTAGGACTTTTCTATTAAAA,769.0
207,CTAGGACTTTTCTATTAAAAT,770.0
208,TAGGACTTTTCTATTAAAATA,771.0
209,AGGACTTTTCTATTAAAATAT,772.0
210,GGACTTTTCTATTAAAATATA,773.0
211,GACTTTTCTATTAAAATATAA,774.0
212,ACTTTTCTATTAAAATATAAT,775.0
213,CTTTTCTATTAAAATATAATG,776.0
214,TTTTCTATTAAAATATAATGA,777.0
215,TTTCTATTAAAATATAATGAA,778.0
216,TTCTATTAAAATATAATGAAA,779.0
217,TCTATTAAAATATAATGAAAA,780.0
218,CTATTAAAATATAATGAAAAT,781.0
219,TATTAAAATATAATGAAAATG,782.0
220,ATTAAAATATAATGAAAATGG,783.0
221,TTAAAATATAATGAAAATGGA,784.0
222,TAAAATATAATGAAAATGGAA,785.0
223,AAAATATAATGAAAATGGAAC,786.0
224,AAATATAATGAAAATGGAACC,787.0
225,AATATAATGAAAATGGAACCA,788.0
226,ATATAATGAAAATGGAACCAT,789.0
227,TATAATGAAAATGGAACCATT,790.0
228,ATAATGAAAATGGAACCATTA,791.0
229,TAATGAAAATGGAACCATTAC,792.0
230,AATGAAAATGGAACCATTACA,793.0
231,ATGAAAATGGAACCATTACAG,794.0
232,TGAAAATGGAACCATTACAGA,795.0
233,GAAAATGGAACCATTACAGAT,796.0
234,AAAATGGAACCATTACAGATG,797.0
235,AAATGGAACCATTACAGATGC,798.0
236,AATGGAACCATTACAGATGCT,799.0
237,ATGGAACCATTACAGATGCTG,800.0
238,TGGAACCATTACAGATGCTGT,801.0
239,GGAACCATTACAGATGCTGTA,802.0
240,GAACCATTACAGATGCTGTAG,803.0
241,AACCATTACAGATGCTGTAGA,804.0
242,ACCATTACAGATGCTGTAGAC,805.0
243,CCATTACAGATGCTGTAGACT,806.0
244,CATTACAGATGCTGTAGACTG,807.0
245,ATTACAGATGCTGTAGACTGT,808.0
246,TTACAGATGCTGTAGACTGTG,809.0
247,TACAGATGCTGTAGACTGTGC,810.0
248,ACAGATGCTGTAGACTGTGCA,811.0
249,CAGATGCTGTAGACTGTGCAC,812.0
250,AGATGCTGTAGACTGTGCACT,813.0
251,GATGCTGTAGACTGTGCACTT,814.0
252,ATGCTGTAGACTGTGCACTTG,815.0
253,TGCTGTAGACTGTGCACTTGA,816.0
254,GCTGTAGACTGTGCACTTGAC,817.0
255,CTGTAGACTGTGCACTTGACC,818.0
256,TGTAGACTGTGCACTTGACCC,819.0
257,GTAGACTGTGCACTTGACCCT,820.0
258,TAGACTGTGCACTTGACCCTC,821.0
259,AGACTGTGCACTTGACCCTCT,822.0
260,GACTGTGCACTTGACCCTCTC,823.0
261,ACTGTGCACTTGACCCTCTCT,824.0
262,CTGTGCACTTGACCCTCTCTC,825.0
263,TGTGCACTTGACCCTCTCTCA,826.0
264,GTGCACTTGACCCTCTCTCAG,827.0
265,TGCACTTGACCCTCTCTCAGA,828.0
266,GCACTTGACCCTCTCTCAGAA,829.0
267,CACTTGACCCTCTCTCAGAAA,830.0
268,ACTTGACCCTCTCTCAGAAAC,831.0
269,CTTGACCCTCTCTCAGAAACA,832.0
270,TTGACCCTCTCTCAGAAACAA,833.0
271,TGACCCTCTCTCAGAAACAAA,834.0
272,GACCCTCTCTCAGAAACAAAG,835.0
273,ACCCTCTCTCAGAAACAAAGT,836.0
274,CCCTCTCTCAGAAACAAAGTG,837.0
275,CCTCTCTCAGAAACAAAGTGT,838.0
276,CTCTCTCAGAAACAAAGTGTA,839.0
277,TCTCTCAGAAACAAAGTGTAC,840.0
278,CTCTCAGAAACAAAGTGTACG,841.0
279,TCTCAGAAACAAAGTGTACGT,842.0
